Parameter,Distribution,Input_A,Input_B,Filter
P,gaussian,2.798579071616348,1.0987784248566104e-07
t0,gaussian,2456297.719503299,9.830024959407715e-05
a,gaussian,0.03741664754813431,0.0013772917483009732
inc,gaussian,88.49414514807431,0.5718276161969188
w,fixed,90.0,,
ecc,fixed,0.0,,
rp,uniform,0.10522606200514388,0.12522606200514388,0
